id,revenue
3001,1000000
3002,1000000
3003,1000000
3004,1000000
3005,1000000
3006,1000000
3007,1000000
3008,1000000
3009,1000000
3010,1000000
3011,1000000
3012,1000000
3013,1000000
3014,1000000
3015,1000000
3016,1000000
3017,1000000
3018,1000000
3019,1000000
3020,1000000
3021,1000000
3022,1000000
3023,1000000
3024,1000000
3025,1000000
3026,1000000
3027,1000000
3028,1000000
3029,1000000
3030,1000000
3031,1000000
3032,1000000
3033,1000000
3034,1000000
3035,1000000
3036,1000000
3037,1000000
3038,1000000
3039,1000000
3040,1000000
3041,1000000
3042,1000000
3043,1000000
3044,1000000
3045,1000000
3046,1000000
3047,1000000
3048,1000000
3049,1000000
3050,1000000
3051,1000000
3052,1000000
3053,1000000
3054,1000000
3055,1000000
3056,1000000
3057,1000000
3058,1000000
3059,1000000
3060,1000000
3061,1000000
3062,1000000
3063,1000000
3064,1000000
3065,1000000
3066,1000000
3067,1000000
3068,1000000
3069,1000000
3070,1000000
3071,1000000
3072,1000000
3073,1000000
3074,1000000
3075,1000000
3076,1000000
3077,1000000
3078,1000000
3079,1000000
3080,1000000
3081,1000000
3082,1000000
3083,1000000
3084,1000000
3085,1000000
3086,1000000
3087,1000000
3088,1000000
3089,1000000
3090,1000000
3091,1000000
3092,1000000
3093,1000000
3094,1000000
3095,1000000
3096,1000000
3097,1000000
3098,1000000
3099,1000000
3100,1000000
3101,1000000
3102,1000000
3103,1000000
3104,1000000
3105,1000000
3106,1000000
3107,1000000
3108,1000000
3109,1000000
3110,1000000
3111,1000000
3112,1000000
3113,1000000
3114,1000000
3115,1000000
3116,1000000
3117,1000000
3118,1000000
3119,1000000
3120,1000000
3121,1000000
3122,1000000
3123,1000000
3124,1000000
3125,1000000
3126,1000000
3127,1000000
3128,1000000
3129,1000000
3130,1000000
3131,1000000
3132,1000000
3133,1000000
3134,1000000
3135,1000000
3136,1000000
3137,1000000
3138,1000000
3139,1000000
3140,1000000
3141,1000000
3142,1000000
3143,1000000
3144,1000000
3145,1000000
3146,1000000
3147,1000000
3148,1000000
3149,1000000
3150,1000000
3151,1000000
3152,1000000
3153,1000000
3154,1000000
3155,1000000
3156,1000000
3157,1000000
3158,1000000
3159,1000000
3160,1000000
3161,1000000
3162,1000000
3163,1000000
3164,1000000
3165,1000000
3166,1000000
3167,1000000
3168,1000000
3169,1000000
3170,1000000
3171,1000000
3172,1000000
3173,1000000
3174,1000000
3175,1000000
3176,1000000
3177,1000000
3178,1000000
3179,1000000
3180,1000000
3181,1000000
3182,1000000
3183,1000000
3184,1000000
3185,1000000
3186,1000000
3187,1000000
3188,1000000
3189,1000000
3190,1000000
3191,1000000
3192,1000000
3193,1000000
3194,1000000
3195,1000000
3196,1000000
3197,1000000
3198,1000000
3199,1000000
3200,1000000
3201,1000000
3202,1000000
3203,1000000
3204,1000000
3205,1000000
3206,1000000
3207,1000000
3208,1000000
3209,1000000
3210,1000000
3211,1000000
3212,1000000
3213,1000000
3214,1000000
3215,1000000
3216,1000000
3217,1000000
3218,1000000
3219,1000000
3220,1000000
3221,1000000
3222,1000000
3223,1000000
3224,1000000
3225,1000000
3226,1000000
3227,1000000
3228,1000000
3229,1000000
3230,1000000
3231,1000000
3232,1000000
3233,1000000
3234,1000000
3235,1000000
3236,1000000
3237,1000000
3238,1000000
3239,1000000
3240,1000000
3241,1000000
3242,1000000
3243,1000000
3244,1000000
3245,1000000
3246,1000000
3247,1000000
3248,1000000
3249,1000000
3250,1000000
3251,1000000
3252,1000000
3253,1000000
3254,1000000
3255,1000000
3256,1000000
3257,1000000
3258,1000000
3259,1000000
3260,1000000
3261,1000000
3262,1000000
3263,1000000
3264,1000000
3265,1000000
3266,1000000
3267,1000000
3268,1000000
3269,1000000
3270,1000000
3271,1000000
3272,1000000
3273,1000000
3274,1000000
3275,1000000
3276,1000000
3277,1000000
3278,1000000
3279,1000000
3280,1000000
3281,1000000
3282,1000000
3283,1000000
3284,1000000
3285,1000000
3286,1000000
3287,1000000
3288,1000000
3289,1000000
3290,1000000
3291,1000000
3292,1000000
3293,1000000
3294,1000000
3295,1000000
3296,1000000
3297,1000000
3298,1000000
3299,1000000
3300,1000000
3301,1000000
3302,1000000
3303,1000000
3304,1000000
3305,1000000
3306,1000000
3307,1000000
3308,1000000
3309,1000000
3310,1000000
3311,1000000
3312,1000000
3313,1000000
3314,1000000
3315,1000000
3316,1000000
3317,1000000
3318,1000000
3319,1000000
3320,1000000
3321,1000000
3322,1000000
3323,1000000
3324,1000000
3325,1000000
3326,1000000
3327,1000000
3328,1000000
3329,1000000
3330,1000000
3331,1000000
3332,1000000
3333,1000000
3334,1000000
3335,1000000
3336,1000000
3337,1000000
3338,1000000
3339,1000000
3340,1000000
3341,1000000
3342,1000000
3343,1000000
3344,1000000
3345,1000000
3346,1000000
3347,1000000
3348,1000000
3349,1000000
3350,1000000
3351,1000000
3352,1000000
3353,1000000
3354,1000000
3355,1000000
3356,1000000
3357,1000000
3358,1000000
3359,1000000
3360,1000000
3361,1000000
3362,1000000
3363,1000000
3364,1000000
3365,1000000
3366,1000000
3367,1000000
3368,1000000
3369,1000000
3370,1000000
3371,1000000
3372,1000000
3373,1000000
3374,1000000
3375,1000000
3376,1000000
3377,1000000
3378,1000000
3379,1000000
3380,1000000
3381,1000000
3382,1000000
3383,1000000
3384,1000000
3385,1000000
3386,1000000
3387,1000000
3388,1000000
3389,1000000
3390,1000000
3391,1000000
3392,1000000
3393,1000000
3394,1000000
3395,1000000
3396,1000000
3397,1000000
3398,1000000
3399,1000000
3400,1000000
3401,1000000
3402,1000000
3403,1000000
3404,1000000
3405,1000000
3406,1000000
3407,1000000
3408,1000000
3409,1000000
3410,1000000
3411,1000000
3412,1000000
3413,1000000
3414,1000000
3415,1000000
3416,1000000
3417,1000000
3418,1000000
3419,1000000
3420,1000000
3421,1000000
3422,1000000
3423,1000000
3424,1000000
3425,1000000
3426,1000000
3427,1000000
3428,1000000
3429,1000000
3430,1000000
3431,1000000
3432,1000000
3433,1000000
3434,1000000
3435,1000000
3436,1000000
3437,1000000
3438,1000000
3439,1000000
3440,1000000
3441,1000000
3442,1000000
3443,1000000
3444,1000000
3445,1000000
3446,1000000
3447,1000000
3448,1000000
3449,1000000
3450,1000000
3451,1000000
3452,1000000
3453,1000000
3454,1000000
3455,1000000
3456,1000000
3457,1000000
3458,1000000
3459,1000000
3460,1000000
3461,1000000
3462,1000000
3463,1000000
3464,1000000
3465,1000000
3466,1000000
3467,1000000
3468,1000000
3469,1000000
3470,1000000
3471,1000000
3472,1000000
3473,1000000
3474,1000000
3475,1000000
3476,1000000
3477,1000000
3478,1000000
3479,1000000
3480,1000000
3481,1000000
3482,1000000
3483,1000000
3484,1000000
3485,1000000
3486,1000000
3487,1000000
3488,1000000
3489,1000000
3490,1000000
3491,1000000
3492,1000000
3493,1000000
3494,1000000
3495,1000000
3496,1000000
3497,1000000
3498,1000000
3499,1000000
3500,1000000
3501,1000000
3502,1000000
3503,1000000
3504,1000000
3505,1000000
3506,1000000
3507,1000000
3508,1000000
3509,1000000
3510,1000000
3511,1000000
3512,1000000
3513,1000000
3514,1000000
3515,1000000
3516,1000000
3517,1000000
3518,1000000
3519,1000000
3520,1000000
3521,1000000
3522,1000000
3523,1000000
3524,1000000
3525,1000000
3526,1000000
3527,1000000
3528,1000000
3529,1000000
3530,1000000
3531,1000000
3532,1000000
3533,1000000
3534,1000000
3535,1000000
3536,1000000
3537,1000000
3538,1000000
3539,1000000
3540,1000000
3541,1000000
3542,1000000
3543,1000000
3544,1000000
3545,1000000
3546,1000000
3547,1000000
3548,1000000
3549,1000000
3550,1000000
3551,1000000
3552,1000000
3553,1000000
3554,1000000
3555,1000000
3556,1000000
3557,1000000
3558,1000000
3559,1000000
3560,1000000
3561,1000000
3562,1000000
3563,1000000
3564,1000000
3565,1000000
3566,1000000
3567,1000000
3568,1000000
3569,1000000
3570,1000000
3571,1000000
3572,1000000
3573,1000000
3574,1000000
3575,1000000
3576,1000000
3577,1000000
3578,1000000
3579,1000000
3580,1000000
3581,1000000
3582,1000000
3583,1000000
3584,1000000
3585,1000000
3586,1000000
3587,1000000
3588,1000000
3589,1000000
3590,1000000
3591,1000000
3592,1000000
3593,1000000
3594,1000000
3595,1000000
3596,1000000
3597,1000000
3598,1000000
3599,1000000
3600,1000000
3601,1000000
3602,1000000
3603,1000000
3604,1000000
3605,1000000
3606,1000000
3607,1000000
3608,1000000
3609,1000000
3610,1000000
3611,1000000
3612,1000000
3613,1000000
3614,1000000
3615,1000000
3616,1000000
3617,1000000
3618,1000000
3619,1000000
3620,1000000
3621,1000000
3622,1000000
3623,1000000
3624,1000000
3625,1000000
3626,1000000
3627,1000000
3628,1000000
3629,1000000
3630,1000000
3631,1000000
3632,1000000
3633,1000000
3634,1000000
3635,1000000
3636,1000000
3637,1000000
3638,1000000
3639,1000000
3640,1000000
3641,1000000
3642,1000000
3643,1000000
3644,1000000
3645,1000000
3646,1000000
3647,1000000
3648,1000000
3649,1000000
3650,1000000
3651,1000000
3652,1000000
3653,1000000
3654,1000000
3655,1000000
3656,1000000
3657,1000000
3658,1000000
3659,1000000
3660,1000000
3661,1000000
3662,1000000
3663,1000000
3664,1000000
3665,1000000
3666,1000000
3667,1000000
3668,1000000
3669,1000000
3670,1000000
3671,1000000
3672,1000000
3673,1000000
3674,1000000
3675,1000000
3676,1000000
3677,1000000
3678,1000000
3679,1000000
3680,1000000
3681,1000000
3682,1000000
3683,1000000
3684,1000000
3685,1000000
3686,1000000
3687,1000000
3688,1000000
3689,1000000
3690,1000000
3691,1000000
3692,1000000
3693,1000000
3694,1000000
3695,1000000
3696,1000000
3697,1000000
3698,1000000
3699,1000000
3700,1000000
3701,1000000
3702,1000000
3703,1000000
3704,1000000
3705,1000000
3706,1000000
3707,1000000
3708,1000000
3709,1000000
3710,1000000
3711,1000000
3712,1000000
3713,1000000
3714,1000000
3715,1000000
3716,1000000
3717,1000000
3718,1000000
3719,1000000
3720,1000000
3721,1000000
3722,1000000
3723,1000000
3724,1000000
3725,1000000
3726,1000000
3727,1000000
3728,1000000
3729,1000000
3730,1000000
3731,1000000
3732,1000000
3733,1000000
3734,1000000
3735,1000000
3736,1000000
3737,1000000
3738,1000000
3739,1000000
3740,1000000
3741,1000000
3742,1000000
3743,1000000
3744,1000000
3745,1000000
3746,1000000
3747,1000000
3748,1000000
3749,1000000
3750,1000000
3751,1000000
3752,1000000
3753,1000000
3754,1000000
3755,1000000
3756,1000000
3757,1000000
3758,1000000
3759,1000000
3760,1000000
3761,1000000
3762,1000000
3763,1000000
3764,1000000
3765,1000000
3766,1000000
3767,1000000
3768,1000000
3769,1000000
3770,1000000
3771,1000000
3772,1000000
3773,1000000
3774,1000000
3775,1000000
3776,1000000
3777,1000000
3778,1000000
3779,1000000
3780,1000000
3781,1000000
3782,1000000
3783,1000000
3784,1000000
3785,1000000
3786,1000000
3787,1000000
3788,1000000
3789,1000000
3790,1000000
3791,1000000
3792,1000000
3793,1000000
3794,1000000
3795,1000000
3796,1000000
3797,1000000
3798,1000000
3799,1000000
3800,1000000
3801,1000000
3802,1000000
3803,1000000
3804,1000000
3805,1000000
3806,1000000
3807,1000000
3808,1000000
3809,1000000
3810,1000000
3811,1000000
3812,1000000
3813,1000000
3814,1000000
3815,1000000
3816,1000000
3817,1000000
3818,1000000
3819,1000000
3820,1000000
3821,1000000
3822,1000000
3823,1000000
3824,1000000
3825,1000000
3826,1000000
3827,1000000
3828,1000000
3829,1000000
3830,1000000
3831,1000000
3832,1000000
3833,1000000
3834,1000000
3835,1000000
3836,1000000
3837,1000000
3838,1000000
3839,1000000
3840,1000000
3841,1000000
3842,1000000
3843,1000000
3844,1000000
3845,1000000
3846,1000000
3847,1000000
3848,1000000
3849,1000000
3850,1000000
3851,1000000
3852,1000000
3853,1000000
3854,1000000
3855,1000000
3856,1000000
3857,1000000
3858,1000000
3859,1000000
3860,1000000
3861,1000000
3862,1000000
3863,1000000
3864,1000000
3865,1000000
3866,1000000
3867,1000000
3868,1000000
3869,1000000
3870,1000000
3871,1000000
3872,1000000
3873,1000000
3874,1000000
3875,1000000
3876,1000000
3877,1000000
3878,1000000
3879,1000000
3880,1000000
3881,1000000
3882,1000000
3883,1000000
3884,1000000
3885,1000000
3886,1000000
3887,1000000
3888,1000000
3889,1000000
3890,1000000
3891,1000000
3892,1000000
3893,1000000
3894,1000000
3895,1000000
3896,1000000
3897,1000000
3898,1000000
3899,1000000
3900,1000000
3901,1000000
3902,1000000
3903,1000000
3904,1000000
3905,1000000
3906,1000000
3907,1000000
3908,1000000
3909,1000000
3910,1000000
3911,1000000
3912,1000000
3913,1000000
3914,1000000
3915,1000000
3916,1000000
3917,1000000
3918,1000000
3919,1000000
3920,1000000
3921,1000000
3922,1000000
3923,1000000
3924,1000000
3925,1000000
3926,1000000
3927,1000000
3928,1000000
3929,1000000
3930,1000000
3931,1000000
3932,1000000
3933,1000000
3934,1000000
3935,1000000
3936,1000000
3937,1000000
3938,1000000
3939,1000000
3940,1000000
3941,1000000
3942,1000000
3943,1000000
3944,1000000
3945,1000000
3946,1000000
3947,1000000
3948,1000000
3949,1000000
3950,1000000
3951,1000000
3952,1000000
3953,1000000
3954,1000000
3955,1000000
3956,1000000
3957,1000000
3958,1000000
3959,1000000
3960,1000000
3961,1000000
3962,1000000
3963,1000000
3964,1000000
3965,1000000
3966,1000000
3967,1000000
3968,1000000
3969,1000000
3970,1000000
3971,1000000
3972,1000000
3973,1000000
3974,1000000
3975,1000000
3976,1000000
3977,1000000
3978,1000000
3979,1000000
3980,1000000
3981,1000000
3982,1000000
3983,1000000
3984,1000000
3985,1000000
3986,1000000
3987,1000000
3988,1000000
3989,1000000
3990,1000000
3991,1000000
3992,1000000
3993,1000000
3994,1000000
3995,1000000
3996,1000000
3997,1000000
3998,1000000
3999,5924465.608
4000,57394020.21
4001,7245339.247
4002,83987841.18
4003,147807.7737
4004,71884410.81
4005,458687.3287
4006,33540040.1
4007,288632.9118
4008,2983652.059
4009,8253327.6
4010,76552.74748
4011,18808880.84
4012,69977060.37
4013,107482436.4
4014,194484.7568
4015,49598050.7
4016,15331254.89
4017,5689740.046
4018,66528772.1
4019,460636598.4
4020,2822810.498
4021,75795766.47
4022,3562086.655
4023,259490218
4024,33971802.56
4025,186599.0127
4026,113412498.4
4027,20411060.01
4028,1692519.1
4029,96277.77929
4030,16268755.2
4031,72971474.08
4032,152844.4585
4033,211077.2832
4034,537336.9521
4035,18329405.2
4036,637321.4143
4037,8946308.375
4038,2825461.168
4039,22660515.11
4040,6949798.36
4041,357701.9801
4042,28575323.99
4043,8692039.933
4044,30937674.06
4045,62838123.49
4046,4837202.812
4047,519235549.1
4048,4341388.076
4049,337803.9983
4050,613045.8097
4051,524032226.2
4052,3902340.847
4053,1644137.827
4054,474454.2715
4055,5225479.357
4056,3615563.038
4057,52552.00436
4058,3505646.634
4059,2438706.71
4060,33208511.72
4061,227763851.7
4062,18023575.75
4063,24563150.54
4064,347239251.6
4065,143832861.9
4066,887434.917
4067,30524829.1
4068,2236578.836
4069,12859168.4
4070,2529998.65
4071,2492901.749
4072,7030487.827
4073,155840577.7
4074,133131.9763
4075,13599840.05
4076,34385837.55
4077,309540186.4
4078,2238048.917
4079,38668396.08
4080,3593486.001
4081,7893751.615
4082,219816378.2
4083,80884743.58
4084,106701.5781
4085,12989069.74
4086,228735208.1
4087,9187990.322
4088,53729641.54
4089,7711637.47
4090,1611990.511
4091,11332520.17
4092,29719723.88
4093,8910918.797
4094,1653225.604
4095,309109136.9
4096,4983219.987
4097,44046799.22
4098,4414680.248
4099,3492535.394
4100,67052016.09
4101,26149932.74
4102,2736602.579
4103,37198517.01
4104,2602006.151
4105,571721.8998
4106,1283300.403
4107,346594.5349
4108,7073601.042
4109,557792.2446
4110,31916196.27
4111,5145348.307
4112,12900872.32
4113,841591.5492
4114,151393075
4115,5773237.079
4116,25073455.33
4117,5485803.449
4118,49588397.27
4119,20137970.62
4120,1057312.769
4121,6488441.525
4122,113663611.9
4123,6570936.941
4124,29919370.54
4125,10004514.39
4126,3699087.858
4127,2841675.815
4128,8900399.722
4129,854708.2495
4130,2383089.833
4131,64300014.34
4132,106266580.6
4133,18243476.92
4134,3557534.144
4135,24057216.45
4136,413036500.5
4137,4615926.543
4138,78003623.49
4139,7357500.91
4140,2073283.113
4141,4973088.551
4142,46822086.48
4143,39706761.04
4144,1941333.966
4145,18302518.67
4146,2535767.188
4147,171660.2059
4148,7376359.912
4149,4371439.423
4150,998480.7215
4151,709618.569
4152,7088289.164
4153,35210583.07
4154,1645071.246
4155,16339475.98
4156,2465562.006
4157,1907108.43
4158,8486512.383
4159,79445233.62
4160,348474136.5
4161,8054433.992
4162,9527696.475
4163,30849705.73
4164,1381161.267
4165,3204504.68
4166,1665437.529
4167,15404402.92
4168,1477417.152
4169,1902704.351
4170,1821251.644
4171,82329781.72
4172,68311676.22
4173,3568267.249
4174,9676377.452
4175,4032355.455
4176,8921788.277
4177,40913.54579
4178,609791331.2
4179,408910.555
4180,160293038.8
4181,16976956.51
4182,4433873.12
4183,84787306.55
4184,7166029.698
4185,4624722.103
4186,1904994.338
4187,12449661.09
4188,9882587.854
4189,281941.3116
4190,49114.75387
4191,496027.9601
4192,89499.12415
4193,193608044.4
4194,140959761.6
4195,4076679.862
4196,446.9731014
4197,16128743.12
4198,850276.065
4199,8963337.919
4200,76558577.89
4201,53408803.05
4202,11979630.39
4203,9980600.252
4204,48988734.85
4205,3754643.572
4206,29523245.92
4207,465755947.3
4208,550486640.7
4209,17300271.88
4210,150563062
4211,33716794.45
4212,383073810.3
4213,685303.76
4214,20744641.19
4215,524757.3367
4216,2899007.42
4217,302439.8892
4218,42256221.85
4219,24147829.23
4220,8048368.382
4221,54.92932047
4222,954.471195
4223,26459507.31
4224,1332445.393
4225,11396752.91
4226,14015893.95
4227,21886779.69
4228,45630.90016
4229,75806809.94
4230,18578580.54
4231,9002901.028
4232,4685804.483
4233,125922939.4
4234,8857696.243
4235,414718.8125
4236,2623637.038
4237,4711598.451
4238,30083010.93
4239,44266947.09
4240,308612078.5
4241,262871538.4
4242,6890900.899
4243,709966.3031
4244,129784786.3
4245,1246978.231
4246,66643.21909
4247,68027069.31
4248,1447259.886
4249,29819820.75
4250,51685341.32
4251,72190.15768
4252,138270599.4
4253,48010655.01
4254,33036230.57
4255,48316457.72
4256,305060266.8
4257,56594699.34
4258,36097944.27
4259,1109171.375
4260,244383317.9
4261,2176107.877
4262,1402422.702
4263,2025966.416
4264,588314850.4
4265,11535980.47
4266,10519268.32
4267,7652274.355
4268,15526902.27
4269,4801966.075
4270,285739566.3
4271,41302086.94
4272,25736.40788
4273,59587058.53
4274,27341796.22
4275,2045283.268
4276,22081300.48
4277,67781479.52
4278,2813467.373
4279,84938682.4
4280,219641.1967
4281,1595601.17
4282,12434700.47
4283,48916.61816
4284,9738029.222
4285,5.08503749
4286,511990368.2
4287,28783236
4288,92217165.16
4289,50450142.77
4290,47116248.62
4291,3624777.403
4292,2052914.857
4293,3887298.812
4294,113691351.3
4295,118832284.8
4296,14508416.77
4297,16397168.56
4298,1225431.557
4299,11521050.26
4300,37610566.52
4301,4482988.358
4302,1209884.811
4303,2858766.289
4304,13371677.4
4305,59669512.81
4306,48199318.15
4307,53202.87385
4308,141858.0076
4309,26440132.48
4310,2528069.874
4311,854896.9884
4312,36607193.83
4313,189194258.1
4314,3310034.923
4315,216498558.7
4316,395307390.9
4317,849394.2607
4318,32827460.63
4319,221.4869842
4320,1465643.202
4321,25583198.63
4322,4001694.195
4323,10625080.55
4324,6047605.465
4325,1764222.067
4326,5763652.462
4327,28453076.6
4328,1000774.271
4329,23522.20139
4330,341321642.7
4331,94953669.46
4332,57006884.42
4333,1263231.85
4334,44481609.18
4335,104636894.8
4336,25966778.44
4337,228092.5972
4338,156017892.2
4339,56704995.38
4340,5814107.933
4341,5966646.666
4342,6419810.461
4343,8118333.372
4344,975549.6599
4345,1723042.628
4346,11766436.76
4347,73487466.9
4348,426519.6226
4349,226040286.3
4350,4374089.894
4351,144008591.4
4352,1761381.141
4353,65419800.93
4354,10148263.82
4355,28031958.4
4356,1546001.003
4357,95448446.64
4358,9253981.91
4359,13706584.38
4360,81257268.48
4361,74639920.3
4362,3114534.099
4363,44760135.87
4364,33334931.51
4365,1002327.503
4366,19863079.03
4367,23170450.14
4368,129901072.1
4369,11274296.37
4370,158827518.2
4371,42101118.21
4372,10017700.92
4373,11885789.73
4374,22702702.55
4375,918698.3145
4376,70283.71638
4377,2208900.897
4378,12868555.39
4379,128530048.2
4380,68613452.52
4381,74551717.2
4382,375979107.9
4383,229473009.1
4384,60260878.07
4385,218863.5093
4386,182693057.3
4387,59359451.86
4388,5469215.409
4389,359284996.1
4390,2156050.283
4391,854150.3461
4392,81729985.38
4393,18303580.52
4394,14720687.49
4395,4892021.241
4396,59122318.02
4397,19920368.67
4398,120133159.5
4399,334684.5892
4400,3611084.88
4401,8395879.501
4402,6491212.019
4403,14054323.66
4404,54404183.36
4405,16156310.53
4406,512264.7405
4407,1550462.796
4408,707085.6947
4409,389317.9303
4410,8176571.809
4411,4003716.151
4412,43424756.65
4413,76175242.75
4414,631938.96
4415,5704272.419
4416,77494.32588
4417,207537593.4
4418,82563.80555
4419,21163811.02
4420,283710988.5
4421,2951918.043
4422,2961775.368
4423,907456.2516
4424,238.2570691
4425,4647728.613
4426,6130925.628
4427,72462530.25
4428,1129164.495
4429,1888365.148
4430,309734.5568
4431,160382.2742
4432,108772643.6
4433,266770577.8
4434,511118264.3
4435,9160702.4
4436,32128628.49
4437,686039.4724
4438,405636.325
4439,12653582.87
4440,1248893.825
4441,33439656.66
4442,676979.7136
4443,92069.48085
4444,813896.596
4445,8086057.421
4446,787246.6119
4447,128449258.1
4448,1791123.832
4449,4470020.652
4450,15463507.99
4451,621142607
4452,34650764.32
4453,616086.3145
4454,517143.905
4455,1347023.814
4456,97983019.69
4457,2403662.597
4458,465685.6192
4459,19206571.29
4460,8618.662078
4461,33305680.88
4462,45988596.71
4463,1050297.726
4464,12846585.16
4465,8924343.696
4466,534257.7246
4467,10324735.54
4468,1327309.947
4469,22373595.16
4470,67544694.95
4471,693798.2008
4472,108782900.3
4473,5388899.93
4474,4057180.333
4475,2180290.754
4476,19536.9731
4477,28222133.05
4478,2578685.066
4479,408183.463
4480,59024915.32
4481,1021935.362
4482,2800605.789
4483,1915089.036
4484,188848.1832
4485,20498490.31
4486,17343860.41
4487,16935732.18
4488,57019827.93
4489,24620540.17
4490,268470.277
4491,101113284.7
4492,21304021.94
4493,695093.5238
4494,15638119.36
4495,29636017.04
4496,54037898.25
4497,10000581.73
4498,13792224.58
4499,97217.29394
4500,143538768.7
4501,153395453.2
4502,18001018.41
4503,241849459.2
4504,2685688.652
4505,301363.1882
4506,148090089.4
4507,798349.8279
4508,1653163.723
4509,1423062.894
4510,10643342.75
4511,135728283.6
4512,124683.5075
4513,38025899.57
4514,4218643.462
4515,290591283.3
4516,3640436.436
4517,4178361.628
4518,172031940.4
4519,89212261.28
4520,6434379.263
4521,16543513.18
4522,112549317.2
4523,28244097.57
4524,2580041.873
4525,399388.4022
4526,1363606.136
4527,12025877.97
4528,568637.0482
4529,1291926
4530,3649915.411
4531,5502516.779
4532,6330195.737
4533,56777663.98
4534,2658651.375
4535,96542597.94
4536,17658940.15
4537,5648431.429
4538,18177377.44
4539,1187799.833
4540,129719553.6
4541,3335440.23
4542,101396672.6
4543,54117639.3
4544,3846079.39
4545,190744.0654
4546,151864.8437
4547,1855179.233
4548,6620991.112
4549,1486629.16
4550,7041571.133
4551,902386093.8
4552,113176991.7
4553,2788816.497
4554,549200007.8
4555,756628.0528
4556,18176820.67
4557,13225432.56
4558,2605022.939
4559,22995073.02
4560,104659137.2
4561,38574182.26
4562,796559.8084
4563,224258942.1
4564,21816.75386
4565,358135.4089
4566,38887378.98
4567,12999788.95
4568,3342020.133
4569,3996134.645
4570,1595610.506
4571,754085.438
4572,16872841.36
4573,9540128.983
4574,126257.4987
4575,350403.3514
4576,5219620.477
4577,3151856.196
4578,5850565.094
4579,3957482.361
4580,85032198.58
4581,2924514.41
4582,50770683.04
4583,300089686.9
4584,2407782.766
4585,100234735.2
4586,2920596.976
4587,6224341.093
4588,175672655.5
4589,570808.1678
4590,783022972
4591,102646149
4592,808230.4337
4593,178553.5786
4594,18422751.63
4595,546578588.7
4596,431865377.7
4597,7619797.26
4598,96464851.23
4599,17505392.01
4600,1770364.73
4601,20441983.76
4602,2897647.268
4603,11972571.72
4604,32310364.59
4605,210182644.5
4606,95636608.76
4607,27585335.93
4608,2181850.661
4609,11247497.37
4610,235973038.6
4611,12524061.65
4612,11752967.06
4613,25886511.84
4614,14821826.72
4615,4628495.04
4616,784321.6939
4617,23505259.54
4618,441068.7223
4619,6357292.236
4620,2440639.135
4621,183624867.6
4622,11141279.93
4623,6450423.03
4624,244.3761299
4625,7476421.167
4626,3166228.622
4627,17734665.94
4628,2078148.269
4629,1579050.186
4630,3197546.495
4631,6174927.818
4632,3754042.907
4633,332972.9574
4634,382937.9855
4635,147133.6018
4636,160337618.2
4637,2831799.363
4638,7857898.562
4639,9.961108252
4640,10888741.34
4641,4351881.321
4642,9743509.254
4643,54760955.57
4644,1250680.067
4645,3754.943972
4646,875120530.6
4647,3243911.735
4648,858603.3981
4649,121797444.2
4650,141266643
4651,45085145.33
4652,451870992.7
4653,185933.1668
4654,70588118.92
4655,100253573.5
4656,5539106.454
4657,241164.714
4658,17455375.16
4659,1739622.376
4660,2871307.341
4661,13726944.61
4662,1044510.674
4663,12459138.1
4664,5259838.592
4665,19367659.52
4666,6663176.298
4667,125573707.4
4668,1064077.875
4669,408493.2382
4670,10261653.44
4671,2352230.031
4672,318426.1436
4673,12905384.82
4674,3626168.212
4675,1521266.794
4676,1862740.231
4677,107594.6701
4678,3210938.912
4679,49564.17962
4680,678921.0339
4681,11362208.8
4682,4411124.65
4683,1222893.135
4684,1114630.033
4685,28071892.17
4686,2339785.677
4687,17574156.54
4688,114421246.7
4689,3530935.575
4690,6966844.322
4691,2789356.35
4692,6315825.752
4693,1390617.337
4694,418950.2848
4695,5935472.881
4696,18142810.14
4697,50748008.42
4698,1432570.536
4699,2820414.02
4700,160945567.8
4701,219752907.9
4702,567021.9136
4703,8280859.498
4704,68367416.78
4705,42049969.56
4706,77403357.45
4707,2076038.709
4708,16556118.81
4709,112.9778564
4710,277933793.4
4711,1717767.36
4712,750761.0066
4713,325348551.8
4714,3920192.302
4715,209131.0339
4716,299782.8579
4717,5087669.705
4718,4807254.33
4719,368451.6352
4720,1319459.812
4721,2093258.278
4722,81850769.64
4723,465079.2235
4724,152102365.4
4725,4450083.156
4726,1343309.165
4727,6632953.415
4728,3707157.165
4729,113275102.4
4730,102358.8867
4731,37696037.19
4732,380473685
4733,183591.5406
4734,197193560.7
4735,20483237.59
4736,8526138.12
4737,22735328.48
4738,979522.3575
4739,28489494.47
4740,531895911.5
4741,268862.284
4742,73942538.68
4743,4143.313733
4744,187379.2129
4745,581096626.9
4746,9898664.535
4747,23097736.91
4748,66769605.77
4749,6571693.902
4750,2854083.567
4751,56662755.9
4752,2087081.332
4753,7645712.93
4754,691150889.2
4755,8705703.506
4756,47610215.33
4757,240105910.1
4758,94395569.9
4759,254884584.6
4760,529503.4076
4761,4026148.28
4762,984831.6392
4763,256543.4322
4764,358669415.2
4765,5553112.342
4766,166398614.9
4767,32282126.63
4768,34623644.02
4769,9769052.979
4770,109774700.3
4771,83932817
4772,3254184.398
4773,9877366.151
4774,2591174.447
4775,413925.2348
4776,1661131.927
4777,366391449.4
4778,53030814.94
4779,599022.0867
4780,232744394.9
4781,98969.16828
4782,20042386.54
4783,7271423.453
4784,5238298.394
4785,47101062.31
4786,113715522.9
4787,86633994.07
4788,8441700.801
4789,1078096.182
4790,117437095.5
4791,1756078.736
4792,2597886.319
4793,12153202.69
4794,959650.3027
4795,3961198.324
4796,6275118.368
4797,730410636.4
4798,110939035
4799,14948383.91
4800,7852325.792
4801,174093.8964
4802,31321708.13
4803,1266547.824
4804,1928725.679
4805,170654.2566
4806,907723.6986
4807,178153.2593
4808,1908021.782
4809,177401198.8
4810,296855.9154
4811,2662220.376
4812,192754809.6
4813,163140864.7
4814,520488.3071
4815,27058912.85
4816,7766934.97
4817,8609120.576
4818,7903398.144
4819,3417505.411
4820,17576902.88
4821,617778.3694
4822,123.5730604
4823,6424636.092
4824,116078674
4825,137724806.6
4826,1634767.762
4827,16326267.46
4828,7994867.013
4829,19293978.15
4830,8998012.121
4831,16072630.4
4832,2966920.858
4833,10293173.4
4834,6703253.112
4835,44826519.8
4836,1988400.828
4837,308561099.4
4838,32950650.43
4839,20.18744521
4840,350909088.2
4841,93516.63883
4842,34812690.66
4843,95920246.54
4844,2023377.942
4845,11455795.01
4846,1217780.559
4847,519404228.7
4848,39901290.52
4849,413749118.5
4850,35478453.34
4851,49913.51345
4852,1081646.359
4853,93078016.76
4854,10581216.21
4855,90440590.96
4856,9281457.657
4857,14480794.35
4858,13003291.52
4859,713569.3229
4860,270959944.8
4861,163899980.5
4862,200286885.1
4863,261346172.5
4864,43413508.71
4865,32940143.4
4866,14096752.49
4867,150552963.2
4868,1534594.667
4869,739912.5977
4870,8282118.723
4871,18942715.37
4872,652828.0822
4873,1006691.167
4874,108660671.3
4875,7791129.7
4876,10317915.06
4877,12100811.54
4878,5436210.118
4879,6047021.733
4880,18361910.36
4881,1327908.714
4882,9160018.384
4883,65542960.72
4884,42051562.96
4885,2152647.987
4886,31232883.45
4887,1541377.497
4888,4470038.559
4889,1042923.833
4890,149870382.1
4891,208815.1374
4892,4063559.968
4893,128190493.4
4894,5080939.829
4895,1073422.669
4896,23690124.91
4897,1251398.131
4898,77704883.45
4899,138605685
4900,270089719.1
4901,32426690.14
4902,3009132.667
4903,408.2128821
4904,229086961.5
4905,31879421.16
4906,42077.39932
4907,706267917.1
4908,3243855.956
4909,105112190.4
4910,18588950.6
4911,6964229.826
4912,17939140.3
4913,4650292.128
4914,65081623.48
4915,44379953.09
4916,8287124.95
4917,8774920.492
4918,282138442.2
4919,65161811.12
4920,13317408.86
4921,44986832.54
4922,8218881.792
4923,528881.3464
4924,138280688
4925,126914177
4926,150629.7411
4927,22256066.99
4928,3692578.345
4929,134083.5556
4930,2637597.038
4931,10672483.08
4932,1430214.989
4933,75385202.71
4934,1281650.633
4935,595958569.2
4936,848676.7565
4937,200000.1517
4938,6949911.106
4939,274489.7463
4940,893378.2209
4941,9500627.646
4942,1959301.492
4943,39470343.2
4944,67086952.4
4945,269171.6968
4946,6075517.326
4947,815025.2001
4948,608849.6159
4949,1684889.597
4950,116033301.5
4951,43729415.9
4952,18010915.57
4953,96682923.03
4954,22807410.87
4955,616080.3043
4956,1465628.311
4957,18168078.55
4958,2755415.948
4959,6354534.327
4960,7318687.022
4961,58228669.52
4962,4492903.257
4963,9935204.537
4964,1362334.992
4965,480672.8691
4966,4067662.689
4967,33130826.94
4968,14367303.12
4969,36.55564517
4970,446154.2067
4971,9873261.718
4972,2176867.548
4973,1319028.523
4974,19663963.24
4975,1163268.56
4976,209078.7116
4977,70065642.37
4978,1294792.373
4979,2831371.428
4980,11740507.39
4981,18986899.97
4982,18188394.85
4983,725.7022585
4984,19986923.19
4985,360104416.6
4986,1568955.176
4987,1168874.554
4988,1574562.759
4989,30356315.06
4990,422288.1919
4991,3369040.252
4992,157427017.9
4993,2235070.111
4994,28459784.09
4995,466620.7767
4996,7376808.222
4997,107091926
4998,6892664.881
4999,34914148.08
5000,205107012
5001,532627068.9
5002,300265908.6
5003,69477395.49
5004,11311956.75
5005,50876703.07
5006,3816554
5007,70949774.08
5008,341412555.7
5009,14589177.64
5010,2568476.711
5011,3335763.23
5012,32072929.16
5013,11685092.56
5014,35052471.39
5015,10701491.67
5016,87191912.25
5017,6602461.567
5018,7062359.95
5019,19951866.85
5020,13488365.91
5021,278.0892908
5022,19438759.42
5023,780030.5432
5024,113677550.9
5025,247752.7279
5026,13482532.34
5027,23889286.75
5028,99965892.5
5029,62446195.37
5030,29456965.45
5031,4175630.216
5032,87804702.86
5033,1344707.738
5034,5498865.397
5035,29.40854565
5036,2807749.814
5037,10011083.92
5038,409507689.5
5039,1021260.556
5040,27893224.15
5041,37573856.36
5042,4345444.418
5043,29520127.58
5044,147363402.9
5045,1145015.623
5046,1327836.823
5047,1255515.272
5048,643285.9862
5049,42997608.36
5050,995257.3475
5051,328184784.6
5052,201560726.8
5053,37360472.76
5054,132180278.1
5055,7847544.76
5056,8037426.281
5057,9675147.2
5058,6443069.314
5059,7977065.411
5060,114037699.4
5061,37201919.4
5062,150661.5514
5063,34.56404509
5064,41088793.47
5065,5702545.907
5066,14007101.37
5067,30867538.93
5068,28575661.77
5069,102603825.9
5070,8439248.961
5071,49982901.6
5072,94361438.62
5073,5777752.61
5074,4769379.548
5075,2522556.137
5076,6426195.952
5077,47816909.64
5078,2640910.256
5079,3073090.23
5080,70771912.6
5081,42954132.32
5082,18132979.59
5083,1909510.586
5084,12841642.56
5085,678758.1291
5086,5888715.218
5087,3410348.081
5088,3493269.248
5089,1028007.285
5090,3014751.621
5091,16397366.08
5092,33201515.87
5093,27891560.85
5094,46385122.9
5095,73011366.13
5096,17929608.22
5097,239437.304
5098,301151.0671
5099,2260484.103
5100,648974.9556
5101,186569.3185
5102,18073.13324
5103,939966.5028
5104,34276597.37
5105,3589898.213
5106,713454.9003
5107,1965415.194
5108,9824325.921
5109,186332.8
5110,25246910.66
5111,163219265.5
5112,5849581.768
5113,159647.3137
5114,14349267.6
5115,629719.2988
5116,2566704.894
5117,351213224.6
5118,7949704.515
5119,16.61674983
5120,395226.6011
5121,61554741.96
5122,62349854.95
5123,19598540.67
5124,4626928.649
5125,26479241.62
5126,8790654.309
5127,49706295.61
5128,201058.7107
5129,883245.8315
5130,19683124.14
5131,18289604.96
5132,18546018.64
5133,142362558.9
5134,106945148.3
5135,238396552.6
5136,1568134.467
5137,96205633.76
5138,11498232.3
5139,147618612.3
5140,96103216.98
5141,15364219.14
5142,175814890.9
5143,55290717.03
5144,104740550.8
5145,5512997.256
5146,1665283.753
5147,4207290.285
5148,57914615.2
5149,2982887.986
5150,334719804.4
5151,331062101.8
5152,77630747.27
5153,2693373.168
5154,18972291.14
5155,1552965.072
5156,785856387.1
5157,2684163.086
5158,1320912.063
5159,70029317.79
5160,13488277.73
5161,10640489.4
5162,44616225.09
5163,329844875.3
5164,1118321.438
5165,56784892.38
5166,108585817.3
5167,1317323.794
5168,2239796.285
5169,12644603.54
5170,7288249.305
5171,58616538.64
5172,2795800.221
5173,100567523.9
5174,93784133.84
5175,2866422.367
5176,5878881.979
5177,184856777.4
5178,426568428.6
5179,415442.4581
5180,24025763.86
5181,233239.7991
5182,51003620.78
5183,695206.3125
5184,2099388.734
5185,3817328.701
5186,1708134.915
5187,1217640.742
5188,2780648.349
5189,5514373.876
5190,326636452.2
5191,2852351.102
5192,56970698.08
5193,156096194.8
5194,23814048.09
5195,194015897.4
5196,25772446
5197,15146214.2
5198,65509380.83
5199,6232592.412
5200,10305332.54
5201,30313064.77
5202,448976.8677
5203,643469.7754
5204,104373.2879
5205,2574269.815
5206,5021949.037
5207,1890747.338
5208,7072503.06
5209,102380508.2
5210,23349004.06
5211,2922248.691
5212,2817502.659
5213,115311434.2
5214,20.94376957
5215,11958477.66
5216,53417105.39
5217,1170.37399
5218,5417425.43
5219,3938944.676
5220,26477269.22
5221,291.1479728
5222,2217.433291
5223,152991083.9
5224,15.71295097
5225,130177.4181
5226,55948068.19
5227,1047840.729
5228,35580161.33
5229,176479398
5230,6968310.709
5231,2486227.025
5232,142746.7238
5233,540953.8754
5234,135529438.5
5235,58082362.3
5236,210956282.7
5237,43314296.54
5238,4202056.378
5239,27334940.08
5240,67415452
5241,10704979.75
5242,4917297.956
5243,3595716.929
5244,37522283.6
5245,639905.1708
5246,6492139.578
5247,40120876.38
5248,553364.7601
5249,23546638.88
5250,226038134.9
5251,17550270.6
5252,157948.4961
5253,3117256.908
5254,305497.3042
5255,43961391.17
5256,19019640.66
5257,1679849.826
5258,271401.683
5259,35446225.8
5260,1329592.931
5261,27222818.04
5262,3651224.446
5263,11247331.72
5264,896938.7817
5265,1588337.756
5266,87541401.82
5267,870041.9944
5268,7395414.903
5269,126962936.8
5270,97546674.84
5271,24778908.1
5272,93460994.85
5273,127088.9092
5274,11468841.44
5275,6936539.424
5276,3020401.372
5277,1691385.534
5278,3671334.597
5279,5180113.479
5280,87034.33091
5281,8148677.632
5282,17456281.51
5283,836223.4859
5284,9031485.183
5285,140410869.3
5286,6819076.801
5287,2241128.767
5288,385897.4307
5289,82386194.79
5290,60707638.55
5291,342003168.9
5292,132352848.1
5293,286107958.6
5294,320831.3457
5295,723195141.8
5296,4727257.737
5297,51031097.11
5298,92700003.2
5299,3688312.438
5300,735479.1995
5301,1399532.256
5302,36462810.04
5303,484395.8288
5304,3827848.39
5305,1321178.644
5306,61791020.96
5307,237345638.6
5308,306740.452
5309,293779.8478
5310,70697836.35
5311,5095135.573
5312,37948715.08
5313,479870346
5314,65118292.43
5315,1064202.042
5316,4488801.05
5317,10819674.83
5318,4923185.999
5319,8491878.099
5320,23540594.44
5321,55942430.17
5322,72.46354742
5323,154552641.2
5324,20953708.32
5325,2901307.463
5326,7501830.123
5327,98989690.56
5328,730036.3037
5329,2572824.711
5330,183604225.2
5331,1768052.383
5332,3221929.187
5333,26319935.08
5334,6725514.099
5335,3209202.786
5336,2621379.253
5337,654401.8135
5338,33000523.57
5339,1990468.115
5340,23854088.92
5341,150903401.6
5342,157841481.3
5343,12728900.64
5344,148114743.8
5345,41359.43804
5346,112504781.9
5347,154675.9994
5348,15991574.64
5349,792548.2761
5350,154.3896733
5351,99189088.61
5352,1237796.698
5353,32706068.38
5354,61853207.51
5355,139775224.1
5356,13111137.88
5357,1223973.971
5358,3722082.377
5359,2733917.884
5360,213865288.5
5361,2763642.421
5362,2494856.887
5363,23910827.15
5364,415006.5041
5365,24904837.57
5366,123993066.5
5367,96719896.51
5368,3268093.582
5369,404804235.3
5370,24884076.51
5371,36223443
5372,464611022.2
5373,30832656.07
5374,89069207.74
5375,177985575
5376,119959345.9
5377,10637863.31
5378,31.78589111
5379,10438128.39
5380,11848201.71
5381,10804757.65
5382,111627176.9
5383,275484.5544
5384,314018663.5
5385,130379285.6
5386,10697127.93
5387,1361954.043
5388,453006102
5389,13189504.87
5390,14329664.89
5391,45862160.52
5392,199624.0946
5393,4786806.701
5394,75370589.72
5395,1953420.582
5396,129509881.1
5397,1689983.147
5398,3190636.36
5399,43718.17471
5400,2818076.223
5401,98336941.63
5402,20932170.01
5403,34338987.57
5404,858055.2261
5405,37291646.23
5406,1135671.947
5407,385707299.2
5408,541162842
5409,158408590.1
5410,2001076.417
5411,28719351.8
5412,84673.1002
5413,207958.3244
5414,102778140.7
5415,80249914.66
5416,3322808.742
5417,160566349
5418,38351.48216
5419,510787.4866
5420,9891936.825
5421,45684119.06
5422,166641242.1
5423,233697533.8
5424,78132235.63
5425,2044146.695
5426,22982433.68
5427,995378.5539
5428,2541330.354
5429,162968887.5
5430,127936988.2
5431,7298253.017
5432,130615643
5433,27870195.6
5434,79007376.58
5435,12115298.2
5436,3543870.646
5437,8647091.165
5438,386941.0544
5439,1319609.128
5440,35724866.6
5441,4828730.298
5442,91624292.23
5443,48224139.73
5444,45575361.15
5445,9297718.933
5446,49815199.11
5447,1528876.456
5448,8483856.955
5449,146155175.3
5450,1293398.574
5451,8228083.955
5452,1412843.422
5453,285283878.4
5454,162225412.2
5455,13846990.84
5456,10264142.2
5457,54867010.4
5458,7266620.505
5459,5740161.021
5460,292301.1439
5461,28372.3127
5462,340299.0812
5463,927598676.9
5464,565127.6009
5465,8187113.046
5466,14378341.69
5467,8163603.287
5468,184781681.4
5469,40.91979685
5470,397592133.7
5471,147861358.7
5472,40309703.29
5473,12568658.64
5474,17646325
5475,14862251.58
5476,4550847.872
5477,8396713.536
5478,56226436.2
5479,117919557.8
5480,5547205.069
5481,5179820.439
5482,19406794.23
5483,9366301.424
5484,87807009.52
5485,4927121.393
5486,7801941.053
5487,579726225.7
5488,12693841.16
5489,8356802.353
5490,1538669.765
5491,50235711.08
5492,34342607.22
5493,3931184.882
5494,153784.9763
5495,16151128.68
5496,68295899.3
5497,21590886.48
5498,226357.5913
5499,145525318.5
5500,8961568.954
5501,826667.097
5502,1463670.115
5503,6416738.877
5504,25491177.16
5505,443895.7826
5506,141870235.7
5507,40677693.23
5508,51484692.06
5509,124951675.2
5510,39657981.39
5511,1106945.894
5512,61286739.91
5513,598241.6257
5514,4507898.73
5515,1783547.373
5516,441652.1542
5517,255822089.4
5518,6836609.079
5519,239026929.1
5520,649856.4276
5521,28606262.24
5522,52336.48884
5523,362073275.9
5524,392350272.1
5525,78249551.35
5526,4053674.521
5527,843289.7221
5528,26524882.01
5529,247315.994
5530,41876970.41
5531,376973.743
5532,5840364.895
5533,11874726.92
5534,439387276
5535,531369.4295
5536,794214.9612
5537,9171762.054
5538,4224721.287
5539,266647730.6
5540,36559216.19
5541,81355668.79
5542,171630.2411
5543,4344587.87
5544,44540049.93
5545,54.70888231
5546,12084885.15
5547,4458107.222
5548,6646658.853
5549,27997871.87
5550,20794395.35
5551,8669747.025
5552,33438024.96
5553,9333859.262
5554,2019242.238
5555,22368447.7
5556,10130777.72
5557,1523441.791
5558,687194854.3
5559,4867154.386
5560,330849.5632
5561,7925867.844
5562,54219457.79
5563,182139.7895
5564,733609.3569
5565,18681675.12
5566,10908144.14
5567,3857213.808
5568,12647763.65
5569,20704530.97
5570,19409178.2
5571,51773081.56
5572,722713.1284
5573,132315433
5574,22934306.75
5575,254773100.9
5576,70360119.7
5577,41042408.07
5578,16258684.5
5579,4779329.792
5580,452513.7998
5581,7594696.436
5582,20599804.74
5583,10358268.1
5584,4302614.79
5585,4549807.147
5586,780890.4099
5587,8113922.019
5588,138024438.2
5589,21312762.37
5590,449843.2376
5591,8274706.699
5592,3517807.478
5593,8591750.836
5594,3115023.294
5595,117604846.4
5596,166589572.6
5597,2718296.601
5598,6144063.536
5599,7767177.522
5600,6075812.759
5601,35607185.25
5602,34130894.64
5603,376224.9479
5604,23313456.88
5605,121397187.9
5606,75562346.33
5607,25962950.9
5608,97456457.73
5609,8074220.276
5610,65251388.06
5611,6181582.257
5612,589597087.5
5613,16184196.1
5614,5453036.328
5615,23334435.31
5616,5758161.209
5617,206317593.1
5618,35680635.78
5619,25395992.39
5620,1497862.106
5621,13165496.94
5622,4964074.183
5623,28862142.99
5624,348429470.5
5625,1005159.901
5626,2559686.171
5627,163447799.4
5628,26101337.17
5629,258566668.8
5630,12489929.72
5631,23324682.21
5632,55924362.74
5633,5318576.253
5634,508750.4874
5635,85390858.94
5636,550971.9414
5637,2305906.693
5638,90351677.32
5639,3956539.723
5640,2641445.907
5641,46124300.08
5642,2631831.987
5643,252378.9613
5644,721533656.8
5645,41504299.95
5646,4149364.091
5647,11914914.35
5648,63304551.58
5649,974843.0257
5650,83126238.43
5651,22705785.62
5652,651051.0982
5653,144777745.8
5654,48678110.3
5655,27128844.08
5656,801559366
5657,700536.9263
5658,7624119.866
5659,38388345.12
5660,148235708.2
5661,4111666.003
5662,523089367.4
5663,15309666.91
5664,81733.4672
5665,69400737.14
5666,6945906.883
5667,12296468.26
5668,285279.0197
5669,4079647.487
5670,307383792.5
5671,16973591.36
5672,3146949.439
5673,150708990.1
5674,3904151.804
5675,341792.0312
5676,497778.8292
5677,89896646.06
5678,154963944.8
5679,1161619.006
5680,41795970.22
5681,634693322.8
5682,1224024.922
5683,441720546.1
5684,34590240.83
5685,2595405.545
5686,1840887.214
5687,37534922.89
5688,9357324.972
5689,39845133.45
5690,7357770.194
5691,111168473.8
5692,533002847.5
5693,59998331.94
5694,43583057.68
5695,1002412.769
5696,18541765.31
5697,24888.88473
5698,8215495.509
5699,569475.5273
5700,93099016.47
5701,5068768.861
5702,14520247
5703,136295606.5
5704,4888661.348
5705,6787965.343
5706,73326.29546
5707,27613793.95
5708,719613.0632
5709,97290255.36
5710,563795.1344
5711,5461510.602
5712,173578476.9
5713,11756758.75
5714,6611417.417
5715,5678316.517
5716,231501.7053
5717,9479697.724
5718,1195868.981
5719,17772311.2
5720,5695062.603
5721,15630407.16
5722,1155950.936
5723,121794279.6
5724,773044.8759
5725,171102.4844
5726,67965445.82
5727,235218756.7
5728,2029318.881
5729,285269601
5730,1980234.583
5731,196156.6601
5732,3782675.293
5733,2261710.832
5734,38310844.95
5735,501972.9033
5736,64082033.16
5737,41130453.37
5738,40407986.92
5739,16429945.56
5740,8515448.351
5741,45605192.81
5742,64784220.86
5743,5208571.981
5744,162813.4863
5745,2748237.282
5746,16774275.52
5747,1523553.249
5748,112677324.8
5749,46881116.15
5750,52039124.86
5751,67183766.88
5752,3862433.495
5753,243281443.4
5754,10741608.94
5755,86083720.93
5756,15503704.06
5757,4220415.76
5758,225198.0226
5759,11231526.22
5760,1650056.193
5761,37603.95674
5762,268922498
5763,136256895.4
5764,1976254.03
5765,45098276.82
5766,65293241.85
5767,4112803.355
5768,67098158.05
5769,264821379.9
5770,6705421.017
5771,22825970.94
5772,91326676.97
5773,404805486.2
5774,52381219.12
5775,23613485.28
5776,1832689.657
5777,35096006.71
5778,138820585.5
5779,213299335.8
5780,1977095.012
5781,118872793
5782,25541268.08
5783,108866223.1
5784,1085838.69
5785,82517503.39
5786,31869357.17
5787,94349539.42
5788,412112.1878
5789,11780204.73
5790,92258485.33
5791,119606398.4
5792,8411037.805
5793,9516880.692
5794,35635594.78
5795,136890329.7
5796,8680179.821
5797,29987924.1
5798,21594.76328
5799,313658372.6
5800,369170.3273
5801,10741009.04
5802,271816.8936
5803,126900.9487
5804,472560933.5
5805,3756050.992
5806,2069474.341
5807,39808225.52
5808,59265506.16
5809,17228825.05
5810,40.83045539
5811,1623324.114
5812,124290229.5
5813,137489617.8
5814,5088320.972
5815,4386260.569
5816,7560886.111
5817,278738.1171
5818,1226624.642
5819,7247037.877
5820,8141002.401
5821,639448.5069
5822,9453.035259
5823,18643386.04
5824,103313089.9
5825,6619233.045
5826,5298857.62
5827,437676.0272
5828,200143067.9
5829,36194149.35
5830,52758016.13
5831,168473915.5
5832,26095226.17
5833,16129559.76
5834,6441570.732
5835,93912.41998
5836,104781643
5837,66601949.26
5838,195750.3262
5839,97707728.03
5840,530.1377257
5841,63975080.19
5842,20264550.7
5843,13097056.37
5844,1431600.009
5845,595726.6565
5846,3215290.472
5847,48282133.03
5848,82374265.62
5849,304677.5354
5850,27532187.66
5851,6044028.862
5852,4129063.886
5853,16808707.39
5854,27392472.38
5855,61434645.02
5856,16478091.59
5857,722337522.8
5858,286414.3135
5859,39015194.96
5860,28433079.17
5861,812551.2151
5862,15163760.64
5863,18975063.89
5864,400007485.8
5865,5286188.907
5866,4308764.566
5867,1137433.717
5868,17866700.58
5869,6792218.487
5870,593499.505
5871,101520250.9
5872,323374465.2
5873,21099375.62
5874,2078191.514
5875,26053559.03
5876,67529872.4
5877,3647912.934
5878,91015219.97
5879,3375766.842
5880,76918039.31
5881,149305786.3
5882,325044107.6
5883,2009926.392
5884,73185073.02
5885,4325927.054
5886,26618110.42
5887,6827462.923
5888,6392198.615
5889,2046260.966
5890,41197436.68
5891,61489278.34
5892,10597335.03
5893,669888.3276
5894,95024309.35
5895,19532067.26
5896,23951262.63
5897,469602.5464
5898,99603750.93
5899,1084113.701
5900,1243048.127
5901,41740.86873
5902,63847892.35
5903,74859246.89
5904,39861428.09
5905,43674965.73
5906,140424725
5907,192221.3084
5908,11615869.76
5909,10060157.54
5910,5832236.012
5911,3437243.145
5912,210590222.8
5913,21060718.28
5914,21177372.34
5915,3660143.476
5916,39217228.07
5917,213285835
5918,84563165.89
5919,74520867.6
5920,1051661.889
5921,31358517.44
5922,3132779.861
5923,1483827.717
5924,9943378.465
5925,374603141.5
5926,31839.34085
5927,701680.0505
5928,69439382.76
5929,56065.79758
5930,118908699.8
5931,28674345.85
5932,139922.5087
5933,5155572.2
5934,45184910.17
5935,191654491.5
5936,49744856.44
5937,357099.2159
5938,1073622.893
5939,66100669.8
5940,102248763.8
5941,4561038.273
5942,68671823.17
5943,1220181.456
5944,16771077.42
5945,4430322.967
5946,615911.408
5947,161891.3748
5948,65830414.92
5949,1230138.821
5950,117830870.8
5951,92874905.45
5952,2812525.045
5953,169722083.1
5954,22237206.3
5955,10893765.97
5956,45955148.13
5957,19923899.98
5958,115300798.8
5959,5373504.966
5960,32076.23963
5961,759427.3781
5962,5808238.406
5963,16314009.33
5964,64081461.64
5965,41349971.05
5966,24814539.44
5967,295980321.2
5968,78207792
5969,68129931.9
5970,13846971.42
5971,2553798.433
5972,18996346.95
5973,97275097.69
5974,1256374.843
5975,15189004.06
5976,388182.9642
5977,138089.7784
5978,613428314.4
5979,2242920.745
5980,169582537.8
5981,2005486.11
5982,202526538.8
5983,527986.7532
5984,33812306.07
5985,141772310.6
5986,177583.6156
5987,8149826.304
5988,35901878.8
5989,234984.1676
5990,119723106.9
5991,691177.347
5992,48374244.95
5993,77272641.72
5994,844455.0196
5995,26310869.92
5996,18674628.53
5997,20837026.48
5998,178124080.7
5999,353070.034
6000,5545828.583
6001,375544.7218
6002,2523763.481
6003,288059300.5
6004,54510952.81
6005,2135963.793
6006,15020934.22
6007,1878035.913
6008,1529963.555
6009,148296207.1
6010,62974649.7
6011,8715030.591
6012,2722887.16
6013,163676447.2
6014,1359043.386
6015,19474966.48
6016,15225563.5
6017,645863.975
6018,40954332.86
6019,1013550.536
6020,1118233.538
6021,3072758.649
6022,7853521.148
6023,17498109.17
6024,909261.6578
6025,2876228.101
6026,107108136.1
6027,6125316.667
6028,120105362.9
6029,1049077.675
6030,361664245.5
6031,102349358.1
6032,88827.30559
6033,22427128.86
6034,4127984.956
6035,418273245.4
6036,621600.5827
6037,1274081.039
6038,31676.43064
6039,1970667.202
6040,17376608.73
6041,214199496.9
6042,115010.7874
6043,88142097.87
6044,4199981.874
6045,21550571.33
6046,164659.8452
6047,324597.0016
6048,1078295.386
6049,2193800.867
6050,304085.0325
6051,1001697.124
6052,44667562.31
6053,203613.2599
6054,1231818.565
6055,2324254.13
6056,16685450.31
6057,364331.6507
6058,24857916.87
6059,69870419.05
6060,9564427.429
6061,70827816.95
6062,2695827.466
6063,163009880.7
6064,225670.3255
6065,62449859.32
6066,58228883.79
6067,67582591
6068,137338.82
6069,82625016.74
6070,112061032.3
6071,2614470.787
6072,39045618.46
6073,15307741.72
6074,1393813.661
6075,275496.2572
6076,61705117.83
6077,1771257.647
6078,128910160.1
6079,265206521.2
6080,2100888.727
6081,929825.3567
6082,2997328.093
6083,175544043.4
6084,31245949.59
6085,9306782.038
6086,1675081.005
6087,73923043.18
6088,2627400.097
6089,3652226.016
6090,260245043.4
6091,66897.9014
6092,5372246.031
6093,13199736.35
6094,83589357.43
6095,80632348.2
6096,8980609.203
6097,6675766.977
6098,9330910.011
6099,17425270.52
6100,5339084.332
6101,234728123.5
6102,53933204.34
6103,61340673.5
6104,49221.50105
6105,1262328.663
6106,365325.1611
6107,54013.28296
6108,6914921.002
6109,2485831.646
6110,115210956
6111,198393.7746
6112,68564.25423
6113,11662093.2
6114,128412969.1
6115,132384933.4
6116,182902.8075
6117,7744677.734
6118,83547095.32
6119,7561685.411
6120,33254287.29
6121,385045.3219
6122,97114363.04
6123,400635.1714
6124,1559423.91
6125,5437832.763
6126,13158513.34
6127,3262343.434
6128,141279013.3
6129,3347682.181
6130,170078.1705
6131,6262181.466
6132,47518.41112
6133,5459790.275
6134,15752140.83
6135,44528840.83
6136,715509212.3
6137,17169672.57
6138,3457128.496
6139,731929017.9
6140,1118966.357
6141,14659852.22
6142,377652.5013
6143,1057118.392
6144,6269898.798
6145,2397986.884
6146,3753967.505
6147,35885982.83
6148,7085651.619
6149,65293136.09
6150,151867289.8
6151,5231003.092
6152,739356658
6153,3938737.092
6154,57721.65424
6155,164048547.9
6156,1742135.887
6157,15280922.98
6158,70553255.06
6159,11523610.83
6160,31543852.4
6161,9410498.077
6162,8357670.865
6163,393344.5899
6164,936399.3523
6165,1957015.67
6166,15383039.9
6167,41715530.79
6168,32094892.13
6169,73012288.57
6170,5977291.074
6171,16404647.89
6172,777780.3116
6173,17488632.14
6174,35998023.02
6175,12656092.06
6176,20598640.38
6177,49411815.96
6178,708238.1572
6179,294679324.5
6180,11353381.23
6181,8179668.191
6182,587196100.7
6183,10794738.07
6184,477930915.9
6185,1386694.009
6186,441224.109
6187,5957756.156
6188,112326336.2
6189,41163235.2
6190,64678769.45
6191,1939432.22
6192,3746690.577
6193,8227260.607
6194,1395712.559
6195,753784.3442
6196,12803523.29
6197,1649812.075
6198,128784078.3
6199,874050094.8
6200,279840.2103
6201,11638722.7
6202,95089818.94
6203,699473775
6204,1737697.799
6205,1851841.119
6206,41332946.76
6207,36835323.29
6208,18269118.01
6209,261884.8196
6210,431615.7641
6211,68567594.17
6212,2961903.564
6213,41016761.91
6214,5059064.214
6215,22610074.94
6216,21716930.87
6217,257221.1585
6218,2425305.614
6219,39104377.83
6220,493259.189
6221,4503558.528
6222,760088.9621
6223,24606155.65
6224,5193709.042
6225,57228632.72
6226,5777066.351
6227,3937386.957
6228,782766.804
6229,874777.1573
6230,56918.96594
6231,112211593.8
6232,798333.7426
6233,105988525.2
6234,7685294.986
6235,43717556.04
6236,4859288.248
6237,3995120.127
6238,1896576.363
6239,202093665.8
6240,168823713.4
6241,258397.0828
6242,413135.339
6243,5451512.417
6244,40630533.55
6245,972324.9576
6246,1157036.32
6247,372028036.3
6248,863031.162
6249,18760269
6250,22395175.07
6251,17629520.75
6252,6033215.544
6253,5880276.621
6254,102144882.2
6255,2218531.804
6256,5115370.771
6257,57510973.17
6258,247552.619
6259,615938.8605
6260,1326403.035
6261,13976718.98
6262,5314368.279
6263,11563016.32
6264,6156044.516
6265,772241.342
6266,2644975.954
6267,110181607.6
6268,92153.98182
6269,216044227.3
6270,113868837.3
6271,435210928
6272,2054770.443
6273,3826971.823
6274,384607227.2
6275,33986507.58
6276,855941.0631
6277,45991173.13
6278,1254405.461
6279,12468180.44
6280,19775854.36
6281,513666.9645
6282,415655166.2
6283,39337916.6
6284,76618027.78
6285,80484694.84
6286,1268976.409
6287,2826628.675
6288,212528852.7
6289,62979863.64
6290,70780.37268
6291,32935626.72
6292,193277271.7
6293,414758569.2
6294,1498661.189
6295,176975496.8
6296,5728374.417
6297,54557152.54
6298,476886.3463
6299,117316.1509
6300,10682925.43
6301,3325402.747
6302,2077968.983
6303,1077833.808
6304,10776859.19
6305,63084990.32
6306,27309368.89
6307,887815.6837
6308,740393.541
6309,123508.5168
6310,56425285.39
6311,91469.59948
6312,1569216.866
6313,16085440.76
6314,64113483.83
6315,1538159.103
6316,39625242.59
6317,186168990.8
6318,29931378.06
6319,38155093.55
6320,837583.8382
6321,9539653.827
6322,70369936.66
6323,3131394.617
6324,142063.14
6325,9435789.199
6326,1272292.54
6327,11545793.13
6328,21534056.54
6329,519678.6066
6330,1192783.114
6331,257593304.3
6332,389053.0655
6333,3972925.786
6334,34718.4571
6335,11942814.62
6336,21698565.01
6337,54727894.66
6338,625035.8445
6339,5916938.487
6340,1278153.481
6341,595710.5123
6342,11197479.59
6343,76105152.76
6344,13011721.36
6345,1975362.071
6346,113071837.5
6347,50118082.61
6348,20626403.99
6349,32490840.3
6350,231700.9593
6351,132950004.2
6352,31948592.47
6353,395333.0363
6354,398902.6975
6355,103266.113
6356,6360689.758
6357,3466315.828
6358,314318.9986
6359,3198212.855
6360,8581764.249
6361,146855848.2
6362,568227.2245
6363,4410230.889
6364,560168.4607
6365,94099157.87
6366,14170341.42
6367,4995217.918
6368,40156790.81
6369,1101335.692
6370,134524095.2
6371,2667353.156
6372,39660679.21
6373,749464.8622
6374,9793693.084
6375,9542731.673
6376,3000338.37
6377,2449932.877
6378,4426768
6379,173115204.6
6380,3147164.887
6381,477040697.6
6382,10781253.25
6383,71383411.08
6384,16608708.39
6385,7281271.961
6386,209371944.1
6387,3032129.811
6388,367087.204
6389,418199.5378
6390,3049074.132
6391,1821985.011
6392,12936042.65
6393,307081114.2
6394,172609854.1
6395,267742.4635
6396,414383.8766
6397,2362875.874
6398,10544406.89
6399,1035436.565
6400,5389551.917
6401,363845.3738
6402,5577202.285
6403,242349.2232
6404,8208648.041
6405,491531.6485
6406,7780357.623
6407,15258996.14
6408,11440149.89
6409,176351764
6410,4333983.266
6411,1709598.436
6412,1520880.121
6413,18734971.13
6414,595151436
6415,217774.6112
6416,492121.3224
6417,125577536.5
6418,21755754.06
6419,61069062.83
6420,68952674.67
6421,20370669.2
6422,166034.5403
6423,652924.4453
6424,43174579.83
6425,8563277.656
6426,4376586.867
6427,538478.3367
6428,1917674.096
6429,24500456.09
6430,129385632.1
6431,101718004.1
6432,122191772.7
6433,5464567.965
6434,1485272.086
6435,3830328.021
6436,25161867.72
6437,1177468.796
6438,3929787.488
6439,5426836.63
6440,80195116.12
6441,3509474.076
6442,4660135.942
6443,16062665.05
6444,155056.4898
6445,334799685.4
6446,92868031.21
6447,7076258.197
6448,288662.2721
6449,19340631.02
6450,4317958.708
6451,2041324.314
6452,39768755.19
6453,39214430.14
6454,10889638.8
6455,8379171.627
6456,30583918.97
6457,94781565.72
6458,411560.9299
6459,357623.0077
6460,108562621.6
6461,145260357.4
6462,101107238.1
6463,210395.9868
6464,6030265.322
6465,2221760.041
6466,15071903.66
6467,5877289.327
6468,329109.8435
6469,10699392.37
6470,407731.4478
6471,1347040.191
6472,41659257.5
6473,4642912.548
6474,2630944.357
6475,1202524.401
6476,562701919
6477,12176947.61
6478,12638514.2
6479,345725169.1
6480,35238535.76
6481,19428725.46
6482,851589.7571
6483,1059953.656
6484,45705585.15
6485,78982619.21
6486,184845.7759
6487,40190976
6488,24596534.49
6489,823889.4082
6490,14328.05455
6491,12581170.22
6492,8460344.172
6493,9167703.233
6494,34780934.35
6495,4405398.986
6496,316119689.7
6497,141393511.4
6498,104124054.2
6499,22180358.23
6500,843168.3555
6501,348056.6546
6502,206121106
6503,5211782.531
6504,4304660.248
6505,3424946.641
6506,7788.515932
6507,936810.5211
6508,60739719.06
6509,1335891.268
6510,1849725.389
6511,1911918.8
6512,1871314.538
6513,11533843.81
6514,1755258.158
6515,127439775.2
6516,11735886.66
6517,1618947.833
6518,5303291.915
6519,95854655.97
6520,1037663.882
6521,168629056.5
6522,34103778.29
6523,95288039.81
6524,12953520.75
6525,37934476.18
6526,288125881.3
6527,616976.8924
6528,3618742.206
6529,1156438.812
6530,11086677
6531,1727403.242
6532,30918721.75
6533,1201864.234
6534,226387455.6
6535,8697298.096
6536,18489427.67
6537,51919811.29
6538,10860646.61
6539,215794704
6540,13904965.74
6541,42673825.94
6542,3378531.389
6543,172165.7319
6544,5164259.657
6545,8264707.658
6546,473804487.4
6547,837139.0416
6548,74504628.36
6549,171520993.2
6550,30398147.59
6551,10072484.72
6552,4151115.544
6553,560.9052598
6554,32279086.98
6555,13130248.18
6556,29318895.34
6557,2409479.995
6558,54011777.08
6559,35326238.02
6560,275300283.3
6561,525.8230045
6562,121855479.1
6563,5674195.632
6564,8138357.203
6565,18017223.01
6566,16283517.87
6567,11444639.4
6568,39469125.3
6569,480317.5909
6570,18757895.3
6571,1599330.028
6572,56791.98708
6573,8399046.074
6574,10494665.65
6575,1159662.631
6576,20721096.95
6577,2592384.229
6578,23927299.09
6579,10128677.19
6580,435510.7402
6581,61054150.91
6582,1252.197146
6583,103049.4873
6584,945527.275
6585,53057427.65
6586,77550424.29
6587,5232543.156
6588,1924322.322
6589,52334941.68
6590,262325588.7
6591,6602048.908
6592,118508220.4
6593,65162444.24
6594,74371492.64
6595,51479.03577
6596,41950258.31
6597,68151.11681
6598,29862632.64
6599,9975243.821
6600,1701300.091
6601,9430222.844
6602,577071157.1
6603,23352130.73
6604,13890259.63
6605,157707252.5
6606,1692732.742
6607,82052200.69
6608,280809.8228
6609,1234141.224
6610,3506993.28
6611,6414770.532
6612,595801351
6613,17112626.39
6614,140453419.5
6615,439795.8639
6616,91580609.47
6617,75213607.06
6618,27993395.58
6619,9715409.957
6620,727982.1337
6621,21354808.54
6622,82217768.25
6623,122705117.5
6624,85988249.61
6625,86128876.68
6626,18192912.18
6627,44597514.97
6628,136554.8079
6629,2301640.738
6630,49380.00694
6631,739640.0855
6632,141713
6633,1529029.452
6634,3359987.947
6635,762221.5505
6636,121748465.8
6637,63033371.66
6638,58.45387897
6639,24883803.29
6640,3479025.876
6641,235591336.5
6642,248332981
6643,1427732.018
6644,290598.4769
6645,35902963.67
6646,20736829.27
6647,412472.3421
6648,26360314.8
6649,809637.5704
6650,319547.598
6651,16416014.96
6652,1069364.919
6653,40728751.49
6654,157451108.2
6655,5293341.481
6656,11588052.66
6657,100038120.5
6658,1246426.123
6659,5062259.948
6660,97721.21658
6661,369347.7025
6662,5600260.751
6663,402025164.8
6664,1785761.074
6665,211911.8494
6666,14622665.12
6667,234963396.6
6668,25856671.54
6669,18189578.95
6670,796503.7527
6671,17669762.53
6672,8869843.684
6673,187537656
6674,526198703.5
6675,80827286.57
6676,1712384.125
6677,125653.2073
6678,6854375.542
6679,466199091.4
6680,25168879.14
6681,532368745.7
6682,26390472.23
6683,14587518.25
6684,76030.63128
6685,302907.5635
6686,7561651.884
6687,71830865.97
6688,16552123.7
6689,32476791.91
6690,478661674.4
6691,258265.137
6692,228798719.9
6693,7246262.533
6694,120509939.3
6695,13500750.78
6696,260375752.9
6697,3793891.581
6698,15503082.51
6699,40863806.85
6700,306564009.7
6701,16158695.88
6702,18734302.68
6703,3325651.53
6704,2045564.336
6705,57759466.91
6706,54015817.75
6707,32754490.77
6708,4766205.844
6709,3028164.922
6710,110363654.4
6711,31220601.86
6712,124896946.1
6713,1260479.517
6714,395401.3501
6715,3745309.029
6716,10009371.19
6717,460617820.1
6718,7508937.682
6719,11493825.3
6720,415782.6668
6721,26374500.99
6722,4242000.875
6723,117972688.8
6724,14951855.18
6725,1971831.363
6726,67912483.12
6727,6957838.36
6728,617402.2652
6729,12062452.77
6730,4530715.402
6731,972457.2121
6732,1811517.744
6733,12493875.66
6734,3458867.825
6735,57704051.05
6736,280570.0702
6737,735126.3999
6738,6783525.499
6739,3092556.087
6740,108191.0747
6741,143703.1811
6742,16998920.1
6743,147030159.8
6744,6065235.126
6745,1080985.777
6746,66931929.74
6747,5201900.974
6748,168535.7232
6749,2902.263401
6750,1217827.823
6751,4710985.498
6752,164953489.5
6753,7454320.088
6754,50670833.59
6755,354355.1903
6756,281091335.6
6757,8416740.636
6758,4783103.27
6759,142280092.5
6760,9642074.468
6761,16262633.13
6762,293255.9155
6763,16483350.22
6764,1533462.082
6765,179526507.3
6766,68244.21739
6767,9295190.469
6768,83750239.41
6769,14864799.92
6770,3290884.437
6771,6014329.602
6772,892107.672
6773,28667773.34
6774,266862821.5
6775,534513240.9
6776,2104975.395
6777,18688362.34
6778,72772652.5
6779,9792144.729
6780,107285464.7
6781,136609.8223
6782,156247783.1
6783,10830032.03
6784,135195.391
6785,61483553.63
6786,3133454.631
6787,7488500.71
6788,1065932.577
6789,489811.6786
6790,4320420.88
6791,58271289.75
6792,237212956.6
6793,67068856.91
6794,2924861.433
6795,4530458.003
6796,652063266.3
6797,828909.5071
6798,10050337.55
6799,336117.5181
6800,13168076.04
6801,34795028.54
6802,7106187.41
6803,22217839.53
6804,42518.44263
6805,9468895.008
6806,2333849.497
6807,48685361.99
6808,1324110.864
6809,26808401.24
6810,8371439.783
6811,16440008.13
6812,382521.5931
6813,54648325.71
6814,262552.7819
6815,326696.9256
6816,5418535.903
6817,51472.9222
6818,23668.16315
6819,62076181.12
6820,50340148.47
6821,9293016.271
6822,12260027.17
6823,25088604.12
6824,189578659.2
6825,20533965.21
6826,8209709.075
6827,322380.976
6828,80513.68785
6829,61911.08659
6830,2774100.632
6831,50304938.45
6832,10166630.61
6833,2154016.561
6834,1976389.961
6835,151802432.3
6836,817279.675
6837,72797184.94
6838,883197.7995
6839,2556957.439
6840,19124234.21
6841,6181700.673
6842,1542087.163
6843,2420930.761
6844,15023729.37
6845,6489790.577
6846,25149978.44
6847,1011583.137
6848,12170185.28
6849,6736503.671
6850,42094383.21
6851,148845530.6
6852,4461385.353
6853,7524461.121
6854,44932482.77
6855,17014715.77
6856,129.6849896
6857,7520400.742
6858,2446914.329
6859,15839736.3
6860,4803659.52
6861,23966273.05
6862,9257916.9
6863,505998050.4
6864,1122450.294
6865,3531385.696
6866,92451979.29
6867,24432447.93
6868,799569031.3
6869,31326083.8
6870,370485.5011
6871,68807382.85
6872,153493.837
6873,13124686.87
6874,41793775.39
6875,932040.4975
6876,3281050.572
6877,14224743.2
6878,1347093.552
6879,440821.706
6880,583834.0671
6881,1691562.208
6882,68709223.15
6883,31494130.11
6884,9239205.017
6885,8155075.263
6886,537611.7997
6887,9916971.815
6888,236077858.6
6889,2259378.808
6890,1396787.223
6891,33001119.6
6892,38425242.75
6893,114798616.3
6894,6735858.357
6895,285031.948
6896,2063059.401
6897,892103.2704
6898,29587018.73
6899,3040520.289
6900,9714296.155
6901,55667201.45
6902,1688951.337
6903,7236088.054
6904,197605021.8
6905,14988261
6906,175396442.7
6907,16570146.31
6908,3650189.919
6909,518354.7914
6910,5168481.411
6911,6298219.394
6912,6158431.162
6913,257208931.3
6914,193233598.9
6915,8556623.929
6916,21146955.48
6917,671276288.9
6918,40971676.52
6919,709845.7125
6920,125280953.6
6921,111164609.4
6922,11188900.5
6923,3395090.463
6924,196559.9843
6925,3179795.309
6926,2970298.606
6927,188909.0111
6928,16064502.93
6929,10355374.68
6930,188505112.6
6931,5083270.902
6932,3305339.711
6933,552858.5724
6934,56938999.45
6935,318214.7922
6936,2763190.122
6937,224649954.6
6938,1466721.444
6939,711987.0356
6940,139417905.7
6941,91864011.06
6942,11451302.17
6943,3101753.756
6944,150119680.3
6945,8926889.956
6946,94074832.78
6947,4044445.46
6948,21921062.35
6949,57877292.49
6950,451624277.5
6951,480088.5275
6952,26091500.17
6953,6518797.666
6954,12032792.28
6955,21395979.08
6956,3613292.701
6957,974169.2804
6958,462738.016
6959,4343560.892
6960,59377795.48
6961,18145868.29
6962,234989499.9
6963,4097281.965
6964,60104817.5
6965,389137.1191
6966,36474541.06
6967,98188410.62
6968,1102691.751
6969,145894.1761
6970,3459568.176
6971,91084394.47
6972,760438.1014
6973,30097056.7
6974,46301838.52
6975,23178623.69
6976,9359658.453
6977,2680574.227
6978,2848703.794
6979,131919619.4
6980,6802738.729
6981,1688787.831
6982,50629856.68
6983,2964659.615
6984,40220903.05
6985,310063816
6986,21747176.25
6987,1624532.571
6988,16219184.82
6989,4604887.202
6990,181069717.5
6991,4933222.328
6992,790718.9921
6993,365790.4566
6994,65788.39747
6995,8387508.449
6996,51186527.55
6997,174765.2559
6998,6403782.514
6999,173092033.8
7000,213313.1335
7001,2319903.578
7002,545973.5657
7003,3497314.574
7004,7762400.815
7005,48335.03712
7006,333597.8992
7007,6440358.363
7008,69226304.62
7009,5761232.552
7010,12187235.79
7011,386369.4158
7012,1896756.419
7013,1304836.801
7014,502618.0218
7015,96898629.4
7016,358727061.6
7017,10282725.11
7018,3929200.579
7019,140020346.4
7020,25612303.24
7021,10714352.79
7022,27486877.72
7023,91391380.23
7024,2726290.826
7025,1775492.933
7026,111469448.5
7027,34199153.01
7028,1104580.071
7029,70808839.15
7030,26472755.92
7031,30342125.55
7032,9969174.765
7033,1877202.147
7034,22488935.74
7035,17263111.6
7036,4313128.356
7037,12118261.42
7038,4105787.522
7039,8493369.324
7040,10961699.13
7041,25627558.66
7042,29637387.41
7043,83744.74352
7044,10994580.78
7045,8754696.758
7046,142610698.7
7047,123965198.7
7048,3693774.659
7049,23514976.38
7050,52982.0617
7051,2182012.489
7052,24510268.4
7053,3864557.196
7054,44876129.45
7055,50247955.32
7056,376082395.1
7057,5575001.675
7058,1952450.758
7059,6741052.064
7060,2979383.2
7061,16282415.9
7062,35032058.54
7063,192646.1757
7064,139421812.6
7065,16707198.94
7066,2838249.72
7067,314088.3626
7068,121389771.8
7069,1149228.799
7070,138658399.7
7071,348732219.8
7072,286785.4015
7073,5780940.056
7074,1192218.474
7075,9065437.686
7076,48898738.2
7077,47056780.79
7078,64982241.36
7079,8286086.929
7080,7466614.505
7081,5934699.158
7082,1494787.973
7083,367799.387
7084,25214997.88
7085,7369643.61
7086,88336.08912
7087,76906581.03
7088,37180724.52
7089,1786981.681
7090,2280200.657
7091,7395324.591
7092,125662153.9
7093,21122785.64
7094,11436025.49
7095,1548202.4
7096,1107210.072
7097,225906823
7098,15770712.28
7099,102437802.8
7100,9248598.519
7101,25766717.07
7102,1536714.2
7103,4110629.256
7104,4310983.423
7105,28223970.66
7106,10022963.35
7107,8198440.887
7108,359916.2777
7109,44896355.04
7110,243504.5285
7111,2772601.393
7112,135631333.9
7113,138846716.5
7114,5500354.752
7115,14150376.67
7116,14979232.97
7117,219774.5405
7118,22694589.25
7119,45385665.12
7120,263774.0709
7121,4760428.058
7122,734631.1324
7123,1560763.618
7124,376345912.3
7125,18915483.68
7126,393038414.8
7127,41713242.94
7128,5986927.735
7129,7988931.133
7130,5595256.096
7131,6923688.991
7132,45823104.29
7133,181122651
7134,14718476.37
7135,140783147.3
7136,60978279.68
7137,29817773.93
7138,12549342.23
7139,537675.1867
7140,127718840
7141,293174.8015
7142,16740562.77
7143,35808974.39
7144,1441432.892
7145,14784396.12
7146,1366126.601
7147,60179228.39
7148,17719086.63
7149,2872789.759
7150,3833.676413
7151,13256461.97
7152,17922210.03
7153,1088775.74
7154,12360627.52
7155,74010781.32
7156,7129042.248
7157,91707228.56
7158,659249.0714
7159,2121788.303
7160,1246575.26
7161,36341343.03
7162,373399724.3
7163,30472686.38
7164,581098.132
7165,26527386.17
7166,14331132.87
7167,251344.9283
7168,165279.918
7169,5521705.644
7170,1663953.505
7171,5923530.747
7172,2083202.049
7173,2968181.344
7174,3686440.397
7175,820808.9303
7176,10819173.98
7177,19527713.32
7178,21682896.25
7179,88060068.32
7180,366626.622
7181,6863337.479
7182,65168051.06
7183,357193.6059
7184,698107185
7185,6959148.821
7186,12434662.81
7187,13862641.36
7188,70733024.89
7189,8909515.607
7190,845537.5129
7191,23504.23457
7192,21955544.81
7193,45670639.55
7194,321695662.6
7195,21927446.06
7196,4783782.591
7197,21407600.91
7198,6487478.955
7199,2307586.893
7200,108537376.9
7201,1173850.384
7202,33272694.14
7203,170436.0405
7204,76686796.14
7205,227524524.3
7206,101302093
7207,471612312.1
7208,4927982.144
7209,11089992.73
7210,707265.5454
7211,356473.2023
7212,19176507.69
7213,48343156.76
7214,306646908.7
7215,78981970.13
7216,48273870.68
7217,354348.4527
7218,15327868.86
7219,9730154.901
7220,10119146.03
7221,8884894.251
7222,1431212.117
7223,3450863.142
7224,7810547.454
7225,72.044395
7226,43911185.92
7227,33884988.62
7228,14405559.98
7229,3635564.565
7230,699872.9619
7231,5500961.095
7232,295275382.5
7233,163152209.1
7234,305141156.9
7235,5936167.184
7236,83591419.83
7237,4742482.862
7238,2060685.947
7239,665125704.3
7240,22698950.26
7241,269084411.3
7242,49050908.97
7243,22745657.09
7244,65553125.03
7245,1662561.566
7246,1116434.282
7247,43864478.57
7248,10100097.82
7249,446026.9601
7250,396726.756
7251,22049492.49
7252,13366168.63
7253,1090720.622
7254,47943100.53
7255,253329.0124
7256,8343797.27
7257,8017805.819
7258,32345036.61
7259,6698447.309
7260,122510.0598
7261,449478796.9
7262,107260.4529
7263,30123792.7
7264,7720870.815
7265,8059505.556
7266,31355651.81
7267,510330.9807
7268,1634238.734
7269,179350016.8
7270,307966179
7271,3438228.324
7272,3157038.97
7273,857346.6416
7274,957221.9874
7275,29966800.51
7276,2948898.941
7277,173542881.5
7278,310156812.7
7279,203803470.9
7280,63427068.86
7281,3575973.175
7282,67796373.59
7283,246148262.5
7284,243481.0333
7285,45327734.01
7286,231593572.1
7287,2825281.046
7288,2130597.15
7289,160330856.3
7290,4207053.927
7291,65783079.71
7292,2077479.115
7293,9647344.277
7294,6026006.379
7295,13382465.81
7296,142439.2608
7297,50869653.67
7298,4141725.588
7299,3090453.712
7300,492669.591
7301,35364485.52
7302,621639.6968
7303,770594.5018
7304,9084180.976
7305,3433811.984
7306,608412927.1
7307,164504.4445
7308,472682.877
7309,11645285.46
7310,5224362.708
7311,8434100.815
7312,87033783.29
7313,323124219.4
7314,8043927.002
7315,4288583.701
7316,3413404.969
7317,3183859.301
7318,41529728.36
7319,6381839.104
7320,91986998.17
7321,42975.5238
7322,373020.6687
7323,55156602.8
7324,13070463.35
7325,323911847.6
7326,312850453
7327,2040042.134
7328,10419865.29
7329,181781013.4
7330,319420602.1
7331,79913879.12
7332,33893716.42
7333,139317228
7334,1898061.932
7335,88071697.7
7336,4148053.081
7337,4721537.215
7338,9150180.026
7339,63820263.34
7340,547727.9215
7341,176749.012
7342,124392789.3
7343,1980397.206
7344,703838.1188
7345,4482610.349
7346,4556975.879
7347,4505440.189
7348,309900.8789
7349,55888418.98
7350,29871298.39
7351,30235932.71
7352,40475.33938
7353,8200311.988
7354,25959.80704
7355,44593033.93
7356,42041125.82
7357,3871440.633
7358,10570795.73
7359,64931182.89
7360,31870158.83
7361,67185.26859
7362,117024930.4
7363,686258224.6
7364,491230.3982
7365,91034404.07
7366,27478971
7367,713153.9363
7368,14575510.47
7369,11183631.54
7370,26426790.67
7371,285647.4028
7372,71186111.63
7373,294685418.9
7374,33943451.3
7375,66047451.07
7376,132435.8898
7377,12637806.73
7378,5751712.51
7379,104163221.3
7380,4161255.084
7381,2080024.276
7382,3887874.107
7383,472407.4555
7384,10534619.26
7385,31218435.44
7386,27078292.78
7387,1098863.476
7388,1986446.274
7389,339371.5816
7390,92560.75818
7391,2882837.147
7392,14441310.92
7393,527061109.6
7394,36912969.28
7395,40608528.39
7396,26154280.39
7397,19385709.17
7398,465668.3215
